,,,,,,,,,,,,,,,,water quality
24,27,3.2,6.5,7,8,245,5160,1.6,3.2,1.02,3.6,9,21,120,210,1
26,29,3,6.8,6.9,7.8,599,1179,1.9,4.6,0.77,3.56,15,23,150,240,1
18,24,4.2,6,7.2,8.2,28000,56900,2.4,2.8,1.2,1.64,3,3,47,150,1
22,29,5.4,6.2,6.3,7.9,180,476,1,2.5,0.34,2.3,24,365,170,549,1
21,30,5.4,6.5,7.3,8,496,734,1,2.3,0.35,1,43,289,240,727,1
22,23,6.8,7.5,7.1,9,158,320,1.2,2.2,0.42,1.79,3,4,63,150,1
20,29,5.1,6.4,7.1,7.9,381,608,1,2.2,0.32,0.67,45,322,210,602,1
22,31,4.2,7.3,7.1,8.5,274,18950,1.5,2.5,0.38,2.82,4,15,2,150,1
27,31,4.5,7.2,7.1,8.6,12230,56900,1.4,3.6,0.63,2.86,4,15,64,120,1
21,30,3.8,5.8,6.6,8.1,802,1326,2.2,3.5,1.08,4.51,191,659,540,1120,1
25,26,6.1,7.5,7.3,7.9,16170,26800,2.4,2.8,1.12,1.8,3,3,63,150,1
23,30,4.3,5.6,6.8,8.1,733,1303,1.8,3.2,0.65,2.91,170,525,430,1120,1
24,28,5.1,6.2,7.1,8,24000,34500,2.4,2.8,1.03,1.81,3,3,71,150,1
21,27,5.3,6.3,7,7.9,346,560,1,1.7,0.33,2.57,84,376,220,659,1
22,32,2,8,7.2,8.3,330,58500,1.8,4.1,1,6.16,7,28,2,1100,1
24,30,5.8,8,6.8,8.2,460,1340,1.5,4.1,0.32,1.92,4,21,64,210,1
22,32,3.5,8.5,6.9,8.6,271,53100,1.5,22,1.02,3.87,9,23,120,460,1
23,28,4.6,6.1,7.1,8.1,931,1702,1.8,3,0.42,2.94,180,629,430,1046,1
26,32,0.3,7.5,6.6,7.7,620,1450,1.9,54,1.96,6.09,21,39,240,2400,1
22,27,5.1,6.4,6.8,7.9,357,1210,1.2,2.7,0.38,2.34,41,356,220,840,1
21,29,5.2,6.5,7.2,7.9,480,795,1,1.8,0.34,0.94,25,373,240,594,1
25,32,4.1,8,7,8.2,216,392,1.2,2.4,0.34,2.29,3,4,39,75,1
25,29,2.3,8,7,8,730,39600,1.8,5.8,0.46,3.02,4,15,49,150,1
21,24,6.4,7.6,7,8.4,641,937,2.6,4.4,1.27,4.52,3,4,150,2400,1
23,28,2.2,8.2,7.1,8,185,1175,1.4,2.8,0.42,2.29,4,7,43,93,1
24,24,1,1,7.7,7.8,278,282,2.3,2.4,1,1,2,2,2,2,1
22,26,3.8,8.5,7,7.7,179,208,2,2.7,0.6,1.2,300,910,1400,2000,1
21,32,0.3,6.3,7.3,7.8,452,470,23.6,29.2,2,2.8,2300,3900,4400,6400,1
24,36,4.5,5.5,7,7.8,66,81,1.6,2.6,0.7,1.1,300,730,610,1500,1
21,31,4.6,10.8,7.2,7.8,156,288,2,5,0.6,2,300,730,1100,1600,1
20,31,4.2,10.8,7.2,7.8,150,291,2.2,5.2,0.8,1.8,300,730,910,1600,1
22,34,4.2,5.5,7,7.6,64,98,2,2.9,0.7,1.4,300,730,910,1600,1
22,25,4.2,8.4,7,7.6,84,130,2,2.8,0.6,0.9,300,730,910,1500,1
20,35,5.4,7.6,6.8,7.6,53,85,1.9,2.5,0.7,1.2,300,360,360,910,1
21,27,0.3,3.8,7.2,7.8,1046,1150,25.2,30.4,2.2,3.4,360,1400,910,2700,1
20,25,4,6.2,7,7.7,126,164,2.1,2.8,0.6,1,300,610,610,1600,1
22,25,4,7.8,7.2,8,136,161,2.3,2.8,0.8,1.1,300,720,910,2000,1
20,30,5.8,10.2,7,7.6,120,152,2.2,2.8,0.6,1.2,300,930,910,2000,1
19,34,4,7.1,7,7.5,118,143,2,2.9,0.6,1.1,300,730,720,2000,1
20,33,0.3,1.4,7.1,7.6,511,532,14,19,1.2,2.6,1400,2300,2700,4300,1
21,25,4,4.3,6.8,7.5,123,158,2.2,2.8,0.6,1.2,300,910,730,2100,1
21,32,0.3,6.7,7,8,462,486,24.6,29.4,2,2.8,2600,3600,4200,5300,1
18,24,4.2,4.8,7.2,7.5,101,130,2.1,2.6,0.6,1.2,300,910,1100,2000,1
20,27,4.5,10,7,7.6,210,242,2,2.6,1,1.3,300,2300,730,4300,1
21,25,4,7,7.2,7.8,200,297,2,2.8,0.6,1.1,300,730,610,1500,1
18,33,5.8,7.4,6.8,8,68,111,2,2.6,0.6,1.1,300,360,360,1100,1
19,34,5.6,7.6,6.9,7.7,56,96,2,2.5,0.7,1.1,300,360,300,910,1
20,30,4,6.2,7.2,7.6,63,88,2,2.8,0.8,1.1,300,730,730,1500,1
22,32,4.6,10.3,7.2,7.7,83,108,2.1,2.6,0.7,1.1,300,730,720,1500,1
20,35,4.2,11.2,7.1,7.7,218,321,2.3,3,1,1.8,360,730,910,2000,1
19,29,4,6.8,7,7.6,206,882,2.2,2.8,0.8,1.3,300,910,730,2100,1
20,30,6.8,9.2,7.3,7.8,63,103,2.1,2.5,0.7,1.1,300,720,720,1500,1
21,27,4.5,10.2,7,7.8,70,89,1.8,2.8,0.6,1.1,300,730,610,1500,1
20,36,4.8,7,6.4,7.6,65,83,1.3,2.7,0.7,1.4,2,730,360,1500,1
20,32,6.8,7.6,7.4,7.8,101,119,2.3,2.6,0.6,1.2,300,360,620,1500,1
18,32,5.6,7.2,6.7,7.4,64,77,1.8,2.7,0.8,1.1,300,360,360,910,1
22,31,7,8,7.2,8,89,210,2.2,2.8,0.8,1.1,300,720,730,1400,1
20,35,4.5,11,7,8,382,404,2.1,2.9,0.8,1.2,360,910,910,2000,1
22,36,4,5.1,7.2,8,68,95,1.9,2.6,0.7,1.1,300,910,910,2100,1
18,35,5,7.6,6,7.9,64,88,1.8,2.6,0.7,1.1,300,360,360,910,1
23,33,7,7.8,7.2,7.8,264,304,2.2,2.7,0.8,1.3,300,730,720,1500,1
22,25,4,5.4,6.8,7.7,122,179,2.2,2.6,0.7,1,300,940,910,1600,1
24,38,4.1,5.7,7,7.7,60,80,1.9,2.6,0.7,1.2,300,910,730,2000,1
24,36,4.3,5.6,7.3,7.9,96,126,2.1,2.6,0.7,1.2,300,910,910,2000,1
21,33,5.6,7.8,6.8,7.8,73,109,2.1,2.6,0.6,1.2,300,360,360,910,1
21,32,4,7,7,7.6,75,105,2,2.7,0.7,1.1,300,730,720,1500,1
20,36,4,7.5,6.6,7.6,66,90,1.8,2.8,0.7,1.1,300,730,360,1500,1
19,30,4,8.5,7.3,7.8,218,247,2,2.7,0.6,1.1,300,730,720,2100,1
19,36,5.5,7.8,6.8,7.7,71,89,2,2.8,0.7,1.1,300,360,360,910,1
20,36,5.5,6.5,6.3,7.6,62,88,1.4,2.6,0.7,1.1,2,300,360,730,1
12,31,1.7,9.2,6.8,7.5,136,360,2.4,4.2,0.15,6.2,780,92000,2300,160000,1
20,29,2.6,22,7.2,8.3,390,1080,1,16,0.06,2.57,680,160000,1100,160000,1
12,32,2.2,18.5,7.6,9,444,948,3.7,10,0.3,0.5,1700,160000,3300,160000,1
18,31,3.3,16,7.1,8.2,427,817,2.3,6.9,0.13,1.65,2200,160000,2600,160000,1
18,31,5.4,19.6,7.4,8.8,557,1140,2.1,8,0.3,1.17,920,160000,1700,160000,1
17,33,7.5,10.3,6.9,8.7,208,295,2.4,3.6,0.5,15,5,27000,33,10900000,1
24,32,6,6.8,7.1,7.8,,,8,16,0.64,0.64,2,170,70,170,1
21,31,7,7.2,7.1,7.8,,,2,2.8,0.59,0.59,10,110,110,170,1
32,32,0.3,1.7,7.6,8.1,6560,6560,40,55,1.14,2.1,49000,3300000,14000000,14000000,1
34,34,0.3,11,8.7,9.1,940,940,64,163,2.38,2.6,49,980000,79,79,1
33,33,0.3,9,8.1,8.3,1194,1194,26,57,1.01,2.04,49,40000,130,130,1
27,32,4.8,7.9,5.7,7.4,40,140,1,1.6,0.32,0.54,2,240,2,540,1
27,30,4.3,8.8,6.3,8.3,99,603,1,2.8,0.32,0.39,78,1300,110,3300,1
27,31,1.6,6.7,6,7.7,78,195,1,2.9,0.32,1.22,130,2300,170,4900,1
27,33,5.9,8.4,6.2,7.4,55,167,1,1.9,0.32,0.44,49,3300,140,5400,1
28,32,5.9,8.2,6.2,7.3,39,96,1,1.8,0.32,0.32,170,2200,330,2700,1
27,31,2.8,7.7,6.4,7.7,90,177,1.2,3.4,0.32,1.12,45,2700,68,3900,1
27,32,1.2,6,6.1,7.8,95,141,1,3.8,0.32,0.52,130,2300,230,4900,1
28,30,1.2,4.9,6.5,7.8,196,463,2.5,8,0.32,1.18,230,4900,940,7900,1
27.5,33,6.1,8.1,6.7,8.5,38,139,1,1.8,0.32,0.9,2,49,4,79,1
27,30,5.1,8.5,7.6,8.5,365,502,1,1,0.32,0.39,2,11,17,70,1
26,31,6.5,8.5,7.6,8.3,306,508,1,1,0.3,0.5,2,27,20,70,1
27,29,3.5,7.2,7.3,8,205,2415,1,10.5,0.3,1.3,12,120,46,350,1
25,30,4.1,6.9,7.3,8.4,449,669,2.4,19,0.3,1.68,26,920,130,1600,1
27,35,4.7,6.7,7.7,8.5,892,1621,1.5,3.2,0.24,0.72,70,350,280,540,1
26,33,3.4,6.8,7.4,8.5,335,646,1.3,3.2,0.32,1.6,23,140,130,350,1
23,30,5.2,6.4,7.2,8.4,363,690,2.2,2.8,0.33,0.46,5,7,22,28,1
25,30,4.8,8.4,8.5,9.1,2571,3999,7,22,0.32,1.63,33,920,280,1600,1
26,30,5.9,6.9,7.3,8.4,452,3120,1.6,2.5,0.32,0.75,2,170,10,540,1
18,29,3,4.4,6.8,8.4,358,835,1,2.1,0.32,0.6,3,6,6,27,1
24,29,6.4,6.8,7.3,8.6,299,1012,2,2.4,0.16,0.43,2,21,2,49,1
24,32,4.2,9.2,8.3,9.1,2669,3850,3,27,0.3,0.72,12,540,63,920,1
26,30,0.3,7.5,8.3,9,1838,6138,10,59,0.16,1.1,94,920,280,1600,1
20,30,6.2,7.6,7.5,8.3,383,773,1,1.1,0.01,0.42,2,6,2,33,1
26,30,5,8.4,7.8,8.8,1290,11480,1.8,24,0.32,0.76,33,540,120,920,1
23,29,3.5,6.5,7.2,8.3,314,1020,2.2,2.9,0.33,0.35,2,49,17,130,1
26,32,4.9,7.3,7.6,8.5,800,1136,1.6,4.1,0.32,0.45,46,350,170,540,1
26,28,3.5,5.5,7.3,8.5,430,779,1.8,4.1,0.3,0.91,130,350,240,540,1
28,31,7,7.8,7.5,8.4,369,564,1,1.9,0.3,0.57,2,17,10,120,1
20,30,5.4,8.2,7.3,8.4,413,1038,1,2.5,0.04,0.32,2,110,27,280,1
22,35,2.6,7.7,7.1,8.5,440,1360,8,29,0.32,1.04,6,540,50,920,1
,,6.2,7.8,7.2,8,289,812,3.5,4.5,0.14,2.84,100,14100,100,34800,1
,,3.9,7.2,7.6,8.2,329,488,3.2,4.8,0.3,0.88,400,4800,100,12000,1
20.4,32,6.5,7.2,7,7.9,860,1360,4,9,0.8,3.2,6600,39000,32000,110000,1
,,6.3,8,7,7.8,280,785,3.4,4.6,0.18,0.3,100,11800,100,24000,1
14,23,8.4,9.7,7.2,8,187,380,1,1,0.32,2.14,94,540,280,1600,1
4,17,5.7,7.1,6.1,7.7,62,113,1,2,0.3,1.9,2,2,31,84,1
13,26,6,9.2,7.1,8.2,109,225,1,1,0.3,1.2,2,2,25,63,1
10,22,6.5,8.9,7.3,8.5,372,625,1,2,0.32,0.82,26,46,130,350,1
11,27,5.3,9.8,6.9,8.3,58,746,1,5,0.41,1.74,110,920,920,1600,1
14,24,7.5,7.9,7.4,7.9,190,225,1,1,0.02,0.26,,,,,1
15,26,6.2,6.6,7.9,8.6,168,236,3.1,4.1,0.03,0.04,-,-,-,-,1
9.2,26.1,3.6,7.1,7.3,7.7,225,479,1.5,2.8,-,-,-,-,-,-,1
8.3,26.3,0.5,3.6,7.2,7.4,300,725,3.3,8.7,-,-,-,-,-,-,1
7.1,26.4,1.4,5.6,7.2,7.4,274,552,2.4,5.3,-,-,-,-,-,-,1
7.3,24,3.5,7.2,7.3,7.8,217,2889,1.2,2.8,-,-,-,-,-,-,1
8.9,25.8,0.7,2.6,7.1,7.4,274,676,3.5,7.6,-,-,-,-,-,-,1
13,25.8,4.3,9,7.3,8.1,179,217,2,4.4,-,-,-,-,-,-,1
14,28.2,0.5,4.5,7.1,7.7,264,350,5.4,13.6,-,-,-,-,-,-,1
13.5,28,0.7,5,7.1,7.7,273,310,4.4,10.5,-,-,-,-,-,-,1
11.2,25.5,3.4,7.5,7.2,7.9,166,2110,2.1,2.9,-,-,-,-,-,-,1
11.3,28,3.3,7.5,7,8.3,161,206,2,3.7,-,-,-,-,-,-,1
11.7,27.3,4.7,7.6,7.1,7.9,170,200,2.7,3.3,-,-,-,-,-,-,1
14,27.8,4,9,7.5,8.2,161,430,2.3,6.4,-,-,-,-,-,-,1
13,26.4,6,9.5,7.5,8.1,101,237,1.3,3.4,-,-,-,-,-,-,1
13.5,27.4,2.8,8.3,7.4,8.5,183,420,1,8.5,0.02,0.02,-,-,-,-,1
13.8,28,4.5,9.8,7.5,8.3,206,311,2.2,5.6,-,-,-,-,-,-,1
13.5,27,5.8,9.2,7.7,8.5,202,227,2,4,-,-,-,-,-,-,1
13,27.6,6.4,9.8,7.9,8.2,160,195,2,3.8,-,-,-,-,-,-,1
13.8,26.1,6.4,9.8,7.4,8.5,142,268,1.5,2.9,-,-,-,-,-,-,1
11.7,28,5.7,9.3,7.4,7.8,165,202,2.3,4.6,-,-,-,-,-,-,1
12.2,27.5,4.8,8.9,7.6,8.3,188,267,2,6.3,-,-,-,-,-,-,1
14,24,5.9,7.9,7.5,8.1,192,239,1,1,0.02,0.02,-,-,-,-,1
15,26,6.1,6.5,8.1,8.6,170,240,3.4,16.4,0.04,0.04,-,-,-,-,1
9.4,27,2.5,7.5,7.3,7.6,197,291,2,5.1,-,-,-,-,-,-,1
10,21,1.6,8.1,7.1,7.5,90,487,1.3,5.6,-,-,-,-,-,-,1
6.1,24,3,7.9,7.2,7.9,70,165,1,4.6,-,-,-,-,-,-,1
6,24.1,4.2,6.8,7.1,7.6,194,260,1.3,2.7,-,-,-,-,-,-,1
8.6,26,4.4,8.5,7.1,8,161,249,1.5,2.7,-,-,-,-,-,-,1
8.5,28.4,2.4,8.7,7.1,7.7,188,268,1.8,5.7,-,-,-,-,-,-,1
20,32,7,8,7.2,7.7,168,243,1,1.6,-,-,-,-,-,-,1
19.5,20,7.4,7.6,7.5,7.5,-,-,2.4,2.5,-,-,-,-,-,-,1
17,31,3.6,8,7.6,8.2,296,350,2.1,2.6,-,-,-,-,-,-,1
20,23,2,4.9,7.3,7.4,-,-,3.9,12.8,-,-,-,-,-,-,1
19,23,4,4.2,7.3,7.4,-,-,4.6,4.8,-,-,-,-,-,-,1
17,32,6.2,7.6,7.6,8.2,310,332,1.5,2.6,-,-,-,-,-,-,1
25,25,0.3,7.2,6.5,8.1,226,1399,3,42,0.7,3,4600,940000,35000,5400000,1
25,25,1.9,7,6.5,7.7,324,1268,4,22,1.5,5.7,3300,150000,24000,1600000,1
25,25,4.2,6.6,6.6,7.6,449,963,3,8,0.3,2.6,2300,1100000,24000,3500000,1
25,25,0.3,6.2,6.3,7.2,358,1637,4,29,0.3,2.2,3400,700000,24000,5400000,1
25,25,4.6,6.8,6.8,7.9,706,985,3.7,7,1.4,3.29,490,15000,5400,160000,1
25,25,4.4,6.5,6.5,8.1,209,1194,4,9,0.7,3.2,3300,140000,24000,540000,1
25,25,3.2,6.8,7.1,8.5,706,949,4,17,0.4,6.49,3300,150000,24000,1600000,1
25,25,0.3,2.8,6.5,6.9,1035,1187,18,87,1.1,5,2300,1200000000,24000,9200000000,1
24,29,0.3,10.9,7.6,9,708,1528,1,38,0.32,6,920,1840,1600,3200,1
25,25,5.7,6.9,6.5,7.2,141,312,3,5,0.4,11.5,1200,15000,16000,160000,1
25,25,4,7,6.5,7.4,297,1326,3,11,0.6,2.3,3300,940000,24000,5400000,1
25,25,1,7,6.5,7.7,225,1871,4,22,0.36,3,3300,1100000,24000,9200000,1
25,25.1,4.8,7.4,6.5,7.8,208,521,2,10,0.3,2.2,23,46000,24000,350000,1
25,25,2.1,4.8,6.5,8.5,671,1238,6,36,1.5,3.6,4000,79000,24000,540000,1
21,26,0.3,3.6,7.1,8.5,725,1168,8,14,2.1,4.9,2100,3300,7000,12000,1
21,25,2.1,6.6,6.5,7.6,425,1336,3,30,1.1,9.4,4000,14000,24000,160000,1
25,25,3.4,6.6,6.1,8,185,1114,3,8,0.3,9.79,4000,120000,24000,1600000,1
25,25,0.3,5.1,6.3,7.4,974,1737,9,375,1.2,8,3300,2300000000,24000,2400000000,1
25,25,0.3,6,6,7.5,359,3010,5,203,0.7,13,4600,94000000,35000,540000000,1
25,25,4,6.2,6.5,7.6,325,1769,4,15,0.5,4.5,2300,94000,24000,540000,1
25,25,2,7.1,6.4,8.4,221,1453,4,42,0.6,3.6,2300,46000,24000,350000,1
25,26,2.1,6.8,6.1,7.1,240,2720,3,34,0.3,8.8,4000,120000,24000,920000,1
25,25,4.8,6.4,6.5,7.7,247,371,3,11,0.4,0.8,1500,15000,16000,160000,1
25,25,1.2,5.9,6.5,8.4,812,1282,4,30,0.8,5.3,3300,23000,24000,240000,1
22,29,5.2,5.8,7.5,8.5,386,655,3.5,4.8,1.8,6,240,790,2200,3800,1
19,25,4.4,6.3,7.5,9,986,1549,3.5,7.4,2.3,8.1,910,2600,5800,7000,1
25,25,3.2,6.9,6.4,7.4,303,974,3,16,0.9,4,4000,480000,35000,3500000,1
25,25.1,0.3,6,6.5,7,550,1576,5,78,0.7,4.5,3300,700000,24000,3500000,1
25,25,3.1,7.2,6.9,7.9,217,1466,3,10,1,5.2,3300,17000,24000,160000,1
25,25,2,6.4,6.5,7.4,206,738,4,16,0.5,3.4,4600,330000,35000,2400000,1
25,25,1,6.3,6.5,7.4,521,1017,3,35,1,4.2,2300,63000,24000,540000,1
25,25,2.8,6.1,6.5,8.2,447,1323,3,13,1.27,4.7,2300,700000,24000,16000000,1
25,25,0.3,5.5,6.3,7.6,286,2280,6,124,0.6,19,3300,480000,24000,3500000,1
25,25,0.3,7.2,6.6,7.7,629,1449,3,27,0.93,6,2200,1700000,24000,16000000,1
25,25,4.1,7.2,6.5,8.4,424,1304,3,12,1,5.3,3300,23000,24000,240000,1
25,25,2.3,6.8,6.5,7.5,180,2116,3,12,0.3,4,4900,130000,24000,1600000,1
25,25,0.3,6.1,6.5,7.4,827,2860,3,80,1.7,7.03,4800,48000000,35000,350000000,1
25,25,4.6,7.1,6.7,7,210,853,4,6,1,5,4600,46000,35000,350000,1
25,25,4.3,6.8,6.5,8.5,299,787,3,14,0.88,2.3,2300,140000,24000,1600000,1
21,33,4.6,10,7,8.8,332,692,1.3,6.4,0.3,4.7,920,920,1600,1600,1
25,25,2.7,6.9,6.5,8,488,1253,3,20,0.3,6.8,2300,46000,24000,350000,1
25,25,3,6.2,6.6,7.6,369,1345,4,34,0.5,4,2700,14000,24000,160000,1
25,25.1,0.3,6.5,6.5,8.3,313,3370,5,54,0.3,8.09,2600,330000,24000,2400000,1
21,25,5,6.8,7.1,9,495,770,2.7,4.4,1,3.1,830,1400,4600,6300,1
25,25,3,6.1,6.8,7.8,725,1299,4,17,0.81,15,460,94000,3500,540000,1
20,26,4.6,6,7.3,8.8,564,850,3.5,5.2,1.5,3.1,780,1700,5800,8400,1
25,25,0.3,6.4,6.3,7.6,385,4200,3,145,0.6,11,3300,1200000,24000,9200000,1
25,25,1.2,5.4,6.8,8.2,647,2009,4,78,1.1,6,3300,63000,24000,540000,1
24,25,3.6,6.5,6.5,6.7,374,820,3,10,1.2,3,3900,7000,24000,54000,1
25,25,4.1,6.2,6.9,8,543,1021,3,10,0.3,7.75,3300,130000,24000,920000,1
25,25,1.1,7.1,6.5,7.8,304,821,3,34,0.44,3.2,3400,7000000,24000,92000000,1
24,26,6.5,6.8,7.4,8,810,1070,3.4,3.9,0.92,1.22,26,52,109,165,1
25,25,0.8,6.3,6.5,7.6,422,2120,4,46,1.22,7.6,4600,34000,35000,240000,1
25,25,1.8,6.5,6.5,8,207,1297,5,38,0.3,7.9,2300,1100000,24000,9200000,1
25,25,0.3,6.8,6.5,8.2,346,741,4,32,0.5,2.8,330,63000,9200,540000,1
25,25,3,6.3,6.6,7.7,459,1173,3,22,1.1,2.57,3300,94000,24000,540000,1
25,25,4.7,6,6.9,7.8,290,1233,3,11,1.1,3,4000,9400,35000,54000,1
25,25,3.1,6.7,6.6,8.5,413,1236,4,23,0.47,4.6,3300,150000,24000,1600000,1
25,25,0.3,4.2,6.6,7.4,1023,1480,9,93,0.9,6,3300,1700000,35000,9200000,1
24,25,1.5,7,6.5,8.3,552,1027,4,35,1.4,10,3300,15000,24000,160000,1
25,25,4.9,7.1,6.9,8.2,415,783,3,9,0.3,5,3300,120000,24000,920000,1
25,25,0.3,5.9,7.1,8.7,512,3860,4,50,2.09,11,3300,63000,24000,540000,1
20,34,4.3,6.6,6.9,8.9,583,1028,3,6,1.8,3.6,700,2200,4700,7000,1
25,25,0.3,5.2,6.5,7.2,886,1374,5,47,0.3,5.9,4800,790000,35000,5400000,1
25,25,1.1,7,6.5,7.6,562,1367,4,36,0.5,6,4300,130000,35000,1600000,1
25,25,2.8,6.9,6.6,7.6,216,1323,3.4,21,0.5,3.4,2300,140000,24000,920000,1
25,25.1,4.2,7.2,7,7.7,239,532,2,6,0.6,2.1,2300,110000,24000,920000,1
25,25,4.2,6.8,6.5,8.5,444,1320,3,9,0.5,3,2300,120000,24000,1600000,1
25,25,0.3,4.8,6.7,8.1,1109,1593,7,81,0.4,3,9400,13000,54000,160000,1
25,25,2,6.3,6.5,7.7,369,1561,3,15,0.58,25,3400,630000,24000,5400000,1
25,25,1.8,7,6.6,8.8,254,551,3,42,0.3,2.01,4000,700000,24000,3500000,1
25,25,2,6.8,6.8,8.5,253,570,3,38,0.67,2,2300,490000,24000,2400000,1
25,26,0.3,4.8,6.5,7.7,798,1347,6,60,1,19,11000,1500000000,160000,1600000000,1
24,25,0.3,6.9,6.6,8.4,496,889,4,62,0.3,13.4,3300,150000,24000,1600000,1
25,25,4.1,7.1,6.5,8.2,201,334,3,18,0.6,2.4,4600,46000,24000,920000,1
21,33,1,3.9,7,8.5,742,1252,1.4,14,2.5,7.5,1300,4900,7900,14000,1
23,32,3.1,7.2,8,8.3,654,1980,4,132,0.3,1.4,-,-,-,-,1
25,25,4,6.4,6.5,8.4,421,1223,4,8.5,0.9,5,6300,11000000,54000,92000000,1
25,25,4.2,6.9,6.5,7.3,89,678,3,16,0.3,2,3300,49000,35000,240000,1
25,25,0.3,7.3,6.6,8,414,3020,2,69,0.72,11.1,3300,15000,24000,160000,1
21,33,0.3,8,6.6,9.5,293,584,3.7,57,0.32,5.46,1480,1840,3200,3200,1
25,25,4,7,6.5,8.1,173,493,3,8,0.3,1.53,4100,46000,24000,540000,1
21,27,3,4.3,7.3,7.9,980,1930,3.8,6.4,0.7,1.3,130,930,1100,4900,1
21,27,5.4,6.7,7.4,7.9,290,450,2,2.4,0.3,0.3,110,140,920,1200,1
25,25,3,6.9,6.5,7.6,196,1268,5,18,0.4,3.23,6300,33000,54000,240000,1
25,25,5.9,5.9,7.7,7.7,500,500,2,2,0.3,0.3,330,330,2200,2200,1
25,25,0.5,7,6.6,7.9,304,1079,3,24,0.73,2.7,3300,70000,24000,1600000,1
25,25,4.1,6.5,6.4,7.5,426,1444,3,10,0.7,8,2700,110000,24000,920000,1
26,32,0.5,7.3,7.1,7.8,260,890,3,12,0.3,6.87,-,-,-,-,1
25,25,1,6.2,6.7,7.4,740,1870,4,46,2,78,3300,110000,35000,920000,1
25,25,2.2,6.1,6.8,7.7,821,1413,4,27,0.81,6.1,3300,120000,24000,920000,1
25,25.1,3.2,6.2,6.5,7.7,274,1223,3,14,0.94,4.3,4800,150000,35000,1600000,1
25,25,0.3,5,6.7,7.4,1099,2309,6,42,1,27,2300,460000,24000,3500000,1
25,26,2.9,6.8,6.1,7.4,194,1120,2,14,0.51,2.5,3300,40000,13000,350000,1
25,25,3,7.3,6.5,7.6,271,2540,3,17,0.3,6.6,4700,94000,35000,920000,1
25,25,0.3,6.3,6.5,7.4,237,1145,3.8,39,0.7,5.2,2300,120000,24000,920000,1
25,26,4.8,7.2,6.5,7.3,155,406,3,6,0.3,1,2300,15000,24000,160000,1
25,25,3.3,6.1,6.5,7.8,574,2730,4,10,1.1,4.5,3300,49000,35000,240000,1
25,25,4,6.8,6.3,7.9,236,775,2,9,0.6,3,3300,14000,24000,160000,1
21,25,4.6,6,7.6,8.3,460,1180,2,3.2,0.3,0.4,140,320,1100,2100,1
20,28,5.6,7.3,7.4,7.9,330,470,2,2.2,0.3,0.3,92,220,920,1400,1
22,27,4.2,5.7,7.5,7.8,390,500,2.2,2.6,0.3,0.3,210,340,1700,2200,1
24,26,4.5,5.5,7.4,7.9,739,889,9,24,1.22,1.67,63,175,279,561,1
25,25,0.3,6.3,6.2,7.4,321,1566,4,30,0.3,6.3,3400,46000,24000,350000,1
25,25,4.8,6.6,5.4,8.1,123,702,2,7,0.3,2.4,4600,6300000,35000,54000000,1
24,29,6.9,7.5,7.4,8.4,312,1485,2.5,6,0.3,1.3,350,1400,1600,5400,1
21,27,5.3,7.1,7.3,7.8,440,530,2,2.6,0.3,0.3,170,700,1200,3500,1
24,29,7,7.6,7.5,8.4,326,1458,3,6,0.3,0.3,350,1300,1600,5400,1
23,24,4.6,6,7.3,7.8,320,440,2,2.2,0.3,0.32,200,330,1700,2200,1
23,25,4.8,6.9,6.5,7.3,394,1543,2,20,1,4,2700,70000,24000,920000,1
21,27,4.2,5.8,7.7,8.1,390,650,2.1,3,0.3,0.3,210,470,1400,3500,1
21,32,4,9,8.4,10.3,1180,3819,1.1,16.2,0.4,6.53,920,1840,1600,3200,1
25,25,1.8,6.3,6.5,8.4,393,1201,4,25,0.4,5.3,3300,2800000,24000,16000000,1
25,25,0.3,4.1,6.7,7.3,1237,2135,9,101,1.8,16,2100,12000000,24000,92000000,1
21,27,2.4,5,7.3,8.1,990,4300,3.4,6.8,0.5,1.9,110,700,920,4700,1
19,26,6,7.4,7.4,8.6,496,764,2.5,6,1.5,3.2,700,1100,4300,5800,1
23,26,6.7,7.4,7.5,8.2,447,592,3.2,4.1,0.62,0.88,32,79,212,290,1
25,25,1.3,7.6,6.5,7.7,289,1389,3,40,0.59,6.3,3300,940000,24000,5400000,1
25,25,3.1,7.2,6.5,8.3,407,1332,3,13,0.4,4.4,3300,6300000,35000,160000000,1
22,27,3.6,6.9,7.7,8.8,500,2900,2.6,7.2,0.3,1.3,140,400,1100,2800,1
26,28,5.8,7.4,7.6,8.2,220,370,2.2,6.5,0.3,0.3,-,-,-,-,1
21,27,5.7,7.3,7.3,7.8,450,540,1.8,2.3,0.3,0.3,93,220,920,1400,1
27,27,6.9,6.9,8,8,330,330,2.3,2.3,1.1,1.1,-,-,-,-,1
25,25,2.6,6.9,6.6,8.1,397,509,3,28,0.61,3,3100,49000,24000,540000,1
21,27,5,7,7.5,7.9,370,620,2,3,0.3,0.3,94,270,920,1700,1
25,25,3.4,6.6,6.2,7.6,213,1240,2,13,0.56,3.8,2300,460000,24000,3500000,1
25,25,3.4,6.3,6.5,6.8,64,398,3,18,0.3,2.1,4900,11000000,24000,92000000,1
25,25,4.2,7.1,6.7,8.4,286,1402,3,10,1.03,4.3,2300,170000,24000,1600000,1
21,27,1.9,3,7.3,8,740,1400,3.8,5.8,0.7,1.2,930,2600,7000,13000,1
25,25,0.3,5.8,6.3,7.6,375,1898,4,38,1.6,7.8,4900,1100000,24000,9200000,1
26,29,6.5,7.2,7.8,8.8,922,2385,6,18,0.3,2.27,7900,54000,35000,160000,1
25,25,3.3,7,6.6,8.3,643,1100,4,10,0.3,14.04,3300,33000,24000,350000,1
25,25,0.3,6.5,6.5,7.4,183,1733,8,174,0.8,45,4600,63000,35000,540000,1
24,29.5,4.2,8.4,7.2,8.4,770,920,5,34,0.3,3,-,-,-,-,1
26,29,6.5,7.2,7.5,9.3,962,2156,7,30,0.3,0.36,14000,54000,54000,160000,1
25,25,1.1,6.4,6.6,8,704,1397,3,53,1,6.3,4600,110000,35000,920000,1
25,25,4.8,7.3,6.5,7.2,151,599,3,4,0.52,2,630,17000,5400,160000,1
25,25,1,7.1,6.5,8,308,773,3,35,0.5,3,4000,79000000,24000,540000000,1
25,25.1,0.3,6,6.1,8,211,1231,3.6,195,0.5,2.99,3300,700000,24000,3500000,1
24,25,7.3,7.6,7.5,8.2,326,438,1,2.5,0.32,0.92,2,14,10,32,1
23,25,6.5,6.9,7.3,8.1,620,850,3.2,3.8,0.72,1.92,19,52,76,148,1
22,27,5.2,6.4,7.4,7.8,380,520,1.8,2.5,0.3,0.3,94,400,920,3300,1
28,30,4.9,7.9,6.5,7.2,128,224,2,3,2.1,7,23,1600,23,1600,1
25,25,2.8,6.9,7.2,8.4,896,1365,5,20,2,4,1200,94000,35000,1600000,1
25,25,1.6,6.5,6.2,7.2,230,1366,2,47,0.56,3.51,3300,150000,24000,1600000,1
25,25,0.3,5.8,6.7,7.9,1035,1563,5,20,1.15,24,7900,94000,54000,540000,1
23,28,7.1,7.4,6.8,7.3,163,251,2.2,2.7,0.3,0.79,2,8,19,31,1
22,27,4.1,6.4,7.4,7.9,450,700,2,2.6,0.3,0.3,170,460,1100,3500,1
25,25,4.9,6.8,6.5,7.6,267,815,3,8,0.56,3,490,3300000,2400,24000000,1
22,28,4.5,6.2,7.6,8.1,780,1280,3,4,0.5,1.5,220,610,1600,4000,1
22,28,5.4,6.5,7.5,7.9,370,470,1.8,2.4,0.3,0.3,140,340,1100,2400,1
25,28,6,7.3,7.7,8.3,104,330,2,3,0.3,0.47,-,-,-,-,1
26,30,6,8.2,7.5,8.4,1035,1670,3,6,0.3,1.8,630,1400,2200,5400,1
25,25,0.3,5.8,6.5,7.6,762,4110,5,83,2,9.19,4000,9400000,35000,54000000,1
23,25,5.8,6.8,7.1,7.9,732,1340,3.3,4.5,1.02,1.32,13,58,70,196,1
21,27,4.3,5.9,7.3,7.8,690,1150,2.9,3.8,0.3,0.9,340,490,2200,3500,1
25,25,0.3,4.8,6.5,7.6,969,2005,5,50,0.8,11.5,4600,940000,35000,5400000,1
23,26,6.9,7.3,7.7,8.2,581,790,3.4,3.9,0.52,0.79,41,136,221,394,1
25,26,6.9,7.3,7.7,8.3,876,1008,3.3,3.9,1.02,1.12,21,63,120,185,1
25,25,0.3,7.1,6.7,9.3,192,450,4,48,0.52,2.08,2700,94000,24000,540000,1
25,25,0.3,6.5,6.5,8.1,309,5860,3,124,0.8,9,4600,94000,24000,540000,1
24,25,1.9,6.2,6.5,7.2,667,1330,2,81,0.8,12,2300,110000,24000,920000,1
25,32,6.2,7.7,7.2,8.3,92,290,2,2.2,0.3,0.5,-,-,-,-,1
25,25,4,6.9,6.5,8.5,512,1120,4,14,1.2,3.7,140,94000,24000,1600000,1
25,25,3.1,5.6,6.6,7.6,887,1791,5,14,0.7,8.12,3300,170000,24000,920000,1
29,30,5.4,7.8,6.9,7.5,148,1168,1,4,0.3,0.8,2,1400,2,2200,1
22,24,5.1,6.1,6.3,7.4,15000,18410,1,3.5,0.3,2.7,100,150,350,610,1
29,30,3.1,5.6,6.9,8,1285,7651,1.4,5.9,0.3,0.3,200,1700,400,3500,1
26,31,5.7,8,6.5,8.7,100,33520,1,2.4,0.3,2.4,100,2000,630,6300,1
28,29,6.1,7.9,6.6,7.4,131,1314,1,3.8,0.3,0.3,2,1400,2,4100,1
26,27,1.6,3.2,6.4,7.8,173,240,1,7.2,0.3,0.3,920,1700,2100,3100,1
20,23,5.1,6.9,6.2,7.6,12140,16130,1,2.3,0.3,1.8,94,140,380,490,1
24,30,6.7,8,6.6,7.8,47,73,1,1.2,0.3,0.3,20,80,100,620,1
24,26,6.5,7.8,6.7,7.6,36,44,1,1,0.3,0.3,2,2,2,100,1
25,29,6.9,8.2,6.5,7,24,29,1,1.5,0.3,0.3,2,27,14,79,1
24,29,6.9,8.2,6.2,8.1,23,56,1,1.3,0.3,0.7,47,3500,84,5400,1
25,29,6.9,8.2,6.4,7.7,21,48,1,1,0.3,0.3,2,120,12,400,1
22,31,6.1,7.8,6.8,7.8,77,138,1,3.4,0.3,3.6,2,700,100,1200,1
21,25,6.5,7.5,6.4,7.8,162,185,1,2,0.3,0.7,70,110,240,410,1
26,27,5.2,7.1,5.7,6.9,105,165,1.7,3.8,0.3,0.3,200,700,700,1700,1
27,31,3.4,7.8,6.3,7.9,200,42380,1,3.6,0.3,2.7,630,32000,1500,200000,1
23,32,6.5,8.2,6.7,8,43,190,1,2.1,0.3,0.72,20,810,40,1300,1
26,27,2.5,6.7,7,7.9,248,282,3.7,7.8,0.3,0.3,1000,2200,3100,7000,1
27.9,31.3,-,-,7.1,9.2,229,515,-,-,0.32,0.32,2,2,2,2,1
28,30,9,9,7.1,9.5,300,900,1,1,0.32,0.32,5,5,1600,1600,1
28.1,31.1,-,-,6.4,7.6,658,824,-,-,-,-,-,-,-,-,1
19,24.3,6.8,7.9,7.4,8.8,326,512,1,2,0.54,4.42,2,2,43,63,1
20,24,7,7.8,7.1,8.4,325,573,1,1.3,0.02,1.01,2,2,40,58,1
17,28.2,5.8,7.3,7.1,8.2,280,764,2.7,6,0.3,0.77,2,110,43,920,1
19.2,32.9,6.7,7.9,7,8.1,204,288,1,1.6,0.35,1.18,2,2,33,47,1
20,32,6,8.6,6.8,8.1,215,524,1.4,8.4,0.33,9.17,2,180,49,24000,1
20,24,7,7.9,7.2,7.9,250,490,1.4,2.4,0.3,0.5,2,2,24,34,1
17,30,7.1,7.9,7.1,8.9,511,713,1,1.8,2.2,3,3,4,14,43,1
19,30,5.2,10.4,7.1,8.3,183,422,1,1.4,1.88,6.66,2,180,110,35000,1
16.6,27,7.1,8.3,7.2,8.1,238,411,1,1.9,0.13,0.4,2,4,8,48,1
22,30,4.3,7.1,7.2,8.5,243,702,1,2.9,0.05,0.47,2,2,4,38,1
19,33,4.7,8.3,7.2,8,226,509,1.2,8,3.8,15.23,2,920,150,120000,1
20,27,5.2,7.8,7.6,8.1,278,800,1.7,3.2,0.6,0.98,2,8,32,110,1
17,32,7,8,7.3,8.2,611,813,1.2,1.8,2.2,2.9,3,7,15,75,1
19,23.8,6.2,7.7,6.1,8.5,260,371,1,1.8,0.62,4.08,2,2,36,63,1
20,33,2,10.2,6.8,8.6,445,738,4.8,12,3.35,21.39,14,2100,280,220000,1
20,23,6.7,7.8,7.4,8.2,344,796,1,1.4,0.68,1.22,2,2,34,63,1
17,27.7,6,7.7,7.1,7.8,368,690,2.6,5,0.3,0.6,2,350,46,1600,1
19,32,4.1,8,7.4,8.1,211,285,1,1.7,2.22,5.03,2,3500,240,92000,1
19,32,5,8.1,7.2,7.7,208,305,1.1,4.2,2.43,3.9,2,4700,150,43000,1
20,32,5,8.6,7.3,8.1,205,256,1.2,4,2.25,5.01,2,2600,110,92000,1
20,31,4.7,8.6,7.3,8.2,210,288,1.1,3.6,2.03,4.75,2,3500,140,54000,1
20,24,6.6,7.9,7.6,8.5,493,743,1,2.2,0.65,1.12,2,2,40,70,1
20,24,6.9,7.8,7.4,8.4,327,424,1,1.3,0.54,1.92,2,2,33,403,1
16,30.3,6,7.6,7.3,7.9,220,612,1.8,4.4,0.3,2.3,2,120,17,1600,1
17.3,27.6,5.7,7.6,7.3,8.7,180,671,2.4,8,0.3,0.73,2,150,14,1600,1
17,27.9,5.3,7.6,7.2,7.9,260,636,2.3,4,0.3,0.73,2,70,41,1600,1
22,29,6.8,7.9,7.2,8.5,339,440,1.6,2.9,0.32,1,2,6,47,110,1
16.2,31,6.2,7.8,7.2,7.9,262,687,1.1,5.2,0.21,0.3,2,110,17,920,1
19,24,6.5,7.6,7.4,8.7,440,621,1.2,2.2,0.81,3.09,2,2,63,140,1
11.4,25,6.8,7.5,7.2,7.9,210,592,1.7,2.1,0.61,1.02,2,4,48,49,1
19,30,5.8,7.5,7.5,8.5,288,415,1,1.9,0.48,0.9,2,2,33,48,1
17,26,5.2,8.3,7.2,8.2,265,780,2.8,8,0.12,4.6,2,280,63,1600,1
15,36,6.5,7.6,7.1,7.5,203,530,1.4,1.8,0.32,3.17,-,-,-,-,1
20,23,0.3,7.8,"7.54
4",8.2,5,529,1,1.2,0.61,1,2,2,33,49,1
16.6,27.4,7,7.9,7.2,7.9,210,358,1,1.8,0.21,0.4,2,4,7,46,1
18,28,6.6,7.6,6.4,7.5,180,205,2.7,3.5,-,-,25,65,70,120,1
19,28,6.8,7.3,6.9,7.5,150,240,3,3.7,-,-,10,20,15,60,1
19,28,6.5,7.6,6.8,7.5,130,210,2.9,3.6,-,-,10,75,60,105,1
18.7,28,6.8,7.4,6.9,7.7,150,215,3.1,3.6,-,-,10,45,50,95,1
20,28,6.9,7.6,7,7.4,130,286,3.2,3.6,-,-,5,25,30,60,1
19,28,5.8,6.9,7,7.6,110,430,3.3,3.9,0.3,0.3,30,60,75,175,1
20,28,6.2,7.5,7,7.5,80,450,3.2,3.9,-,-,35,70,70,120,1
21,28,6.7,7.4,7.2,7.5,80,350,3.1,3.6,-,-,2,20,25,50,1
21,28,6.5,7.5,7.1,7.5,90,300,3.2,3.7,-,-,2,40,35,70,1
18,27,6.5,7.4,7.2,7.6,90,340,3,3.7,-,-,5,15,20,65,1
21,28,5.4,6.8,6.9,7.7,150,350,3.3,4.4,-,-,40,70,105,185,1
21,28,5.5,7.1,7,7.7,150,660,3.4,4.1,-,-,35,65,85,170,1
21,28,5.3,7,6.9,7.6,280,610,3.4,4.6,-,-,60,95,215,310,1
20,27,6.4,7.1,6.8,7.4,90,320,3.2,3.7,-,-,20,40,50,110,1
20,28,6,7.8,6.9,7.5,120,230,3,3.9,-,-,10,50,35,160,1
20,28,6.2,7.8,7,7.6,80,175,2.9,3.6,-,-,2,15,15,50,1
21,27,6.6,7.8,7.3,7.6,80,190,2.8,3.7,-,-,10,62,20,75,1
21,28,6.7,7.7,7.1,7.6,80,350,3.2,3.6,-,-,10,30,30,95,1
17.1,29,6.5,7,6.9,7.3,61,78,1.5,2.2,0.42,0.56,110,170,450,540,1
12,21,6.8,7.6,6.9,7.3,37,70,1.4,1.9,0.32,0.52,10,17,130,170,1
15,23.1,5.7,6.8,7,7.8,74,117,5.2,7.8,0.32,1.12,380,420,1100,1700,1
15,23,5.5,6.8,7.1,7.8,73,105,4.8,7.5,0.35,1.02,310,410,830,1300,1
14,23.1,4.5,5.9,7.2,7.9,77,250,6,9,0.32,1.22,350,520,920,2100,1
15,23.2,5.6,6.6,6.8,7.8,69,130,5.3,7,0.32,0.66,340,460,940,1700,1
14,26,6,7.8,7,7.8,110,145,2.1,3.6,0.32,0.79,70,120,350,490,1
13,22,6.7,12.7,6.4,7.6,58,283,1,2.2,0.02,0.03,-,-,-,-,1
16,29,4.1,9.5,6.6,7.8,234,422,1.2,3.2,0.03,0.12,-,-,-,-,1
20,30,5,8.9,7.1,7.7,195,347,1.2,2.9,0.02,0.06,-,-,-,-,1
17,22,6.8,9.2,6.7,7.8,34,379,1,2.6,0.02,0.03,-,-,-,-,1
19,34.3,3.2,6.2,6.5,8,88,550,1.5,2.6,0.3,1.7,-,-,-,-,1
19,41,1.4,6.8,2,7.8,72,250,1.3,2.8,0.6,1.6,-,-,-,-,1
19,35,5.2,7.5,6.6,8,111,184,1.2,2.6,0.32,0.62,700,4900,2400,17000,1
20,33,4,7.7,6.5,8.2,96,223,1.1,2.2,0.32,1.15,130,2300,790,9200,1
20,34,6.2,7.8,6.5,8.5,102,181,1.1,1.9,0.32,1.02,130,3500,490,16000,1
20,32,5.8,7.8,6.9,8.4,117,259,1.1,2.3,0.32,1.22,220,1700,1300,4700,1
14,32,5.6,11,6.9,8.5,106,40520,1.3,2.7,0.32,1.66,2,2300,2,4900,1
20,32,5.8,9.6,6.9,8.4,2930,42780,1.2,1.9,0.35,1.59,2,1700,20,3500,1
13,30,3,11.5,7.9,8.5,147,945,1.9,6,0.32,2.12,110,1700,460,3500,1
22,33,4.1,9.1,6.5,8,236,420,1.1,2.8,0.32,1.52,2,24000,170,54000,1
25,34,2,11.9,7.6,9.4,283,561,3.8,5.7,0.32,1.72,20,35000,45,54000,1
12,29,5.7,6.4,7.1,7.6,216,402,1.4,2.7,0.32,1.84,140,160000,490,160000,1
25,34,3.2,12.5,7.4,9.4,380,688,3.4,8.3,0.35,8.62,45,13000,45,24000,1
25,34,4.2,15.7,7.7,9.5,356,961,3.6,8.2,0.32,2.92,130,1300,490,9200,1
25,35,2.1,11.1,6.9,9.3,332,599,3.3,12,0.32,3.46,45,2400,130,5400,1
22,26,2.8,12.6,7.3,8.4,392,1334,3.4,9.5,0.32,11.52,130,1300,490,2800,1
23,35,3.3,15.6,7.5,9.3,298,745,3.6,8,0.32,13.34,45,2400,170,4300,1
28,33,5.2,5.6,7.1,7.5,198,375,1,2.5,0.32,1.22,2,23,350,1600,1
29,33,6.7,14.1,7.6,9.1,570,1682,2.8,30,0.32,4.3,110,500,900,1600,1
28,32,5.1,9.3,6.3,8,197,283,1,2.3,0.32,0.82,2,110,2,1600,1
15,29,6.7,9,7.6,8.1,207,295,1,2.7,0.6,2.9,320,1300,910,3300,1
15,29,5.9,9.4,7.5,8.1,188,340,1,3.8,0.6,5.6,110,1700,490,4100,1
7,37,7,8.2,7.5,8.3,135,234,1,1,0.3,0.7,20,40,79,140,1
23,28,5.9,7.3,7.8,8.7,590,867,1.9,2.8,1.84,6.42,39,93,75,210,1
24,29,4.4,5.2,7.9,8.9,730,11113,1.8,4.1,3.09,8.22,150,460,460,1100,1
20,28,4.9,5.8,7.6,8.5,480,1283,1.1,3.3,1.84,6.22,240,460,460,1100,1
29,29,4,4.4,7.2,7.2,110,279,1,1.4,0.74,1.26,23,93,64,150,1
23,28,7.1,7.8,8.3,9,530,777,1.2,2.1,1.66,3.54,23,75,75,150,1
24,28,7.2,7.8,8.4,8.9,520,665,1.3,2.4,1.42,3.37,39,75,64,150,1
18,30,0.5,4.4,8.5,9.2,1210,2670,3.2,5.9,2.5,10.32,93,460,210,1100,0
19,33,3.7,4.4,7.4,8.6,270,435,2.3,3.2,1.56,4.08,150,240,460,460,0
21,26,6.9,9,7.3,8.5,270,408,1,2.1,0.64,2.61,23,93,64,150,0
18,32,2.1,6.6,7.7,8.6,460,1177,2.1,4.1,1.82,7.84,150,460,240,1100,0
14,25.5,4.4,6.7,7.6,8.3,230,420,1.3,3.4,1.37,3.84,64,150,120,210,0
20,28,3.3,7.2,7.6,8.9,460,1154,2,3.9,1.78,3.53,75,240,150,460,0
22,29,5.8,6.2,7.5,8.5,440,607,1.5,2.3,1.72,5.42,23,39,39,75,0
19,29,3.6,8.5,7.3,8,220,390,2.2,4.5,1.26,5.36,23,93,93,150,0
17,26,5.2,7.7,8.2,8.9,460,790,1.5,2.6,1.12,3.53,23,150,93,240,0
17,27,4.6,7.2,8.3,9.3,450,771,1.2,2.6,1.43,4.68,75,240,120,460,0
20,30,5.2,6.6,7.1,8.9,160,292,1,1.7,1.04,2.67,14,75,20,150,0
20,27,4.1,5.7,8,8.9,460,790,1,2.4,2.05,3.52,4,93,120,210,0
20,28,4.6,6,7.3,8.5,1170,1963,1.4,3.1,2.7,7.92,93,150,150,240,0
23,27,7.1,7.9,7.2,8.4,380,532,1.4,2.4,1.56,3.69,23,64,64,120,0
17,28,6,7,6.7,7.5,96,147,2,3,0.32,0.95,14,36,25,96,0
26,40,6,8.9,7,8.1,475,745,2,3,0.32,0.52,2,2,2,68,0
27,37,6,7,7.3,8,929,1410,2,4,0.32,0.62,2,78,4,230,0
25,36,5,6.9,6.9,8.2,8330,59400,2,4,0.32,1.5,2,45,4,230,0
25,33,5.1,7.1,6.6,8,432,660,2,4,0.32,0.62,2,20,2,200,0
17,31,5.7,7.2,6.1,7.1,339,492,1,4.5,0.32,0.33,38,120,120,330,0
23,30,6,6.4,6.8,7.9,349,684,1,3,0.32,0.82,23,46,58,120,0
20,30,5.3,7,6,7.8,242,371,1,2.2,0.32,0.33,31,120,110,260,0
25,39,5,6.7,6.8,7.4,946,2032,2,4,0.32,1.18,2,20,2,110,0
20,24,0.3,4.4,6.6,8.4,659,1451,3,16,3.2,7.6,2,23,80,540,0
28,29,0.3,1.3,7.1,8.1,1145,1680,5.8,16,2.7,24.7,14,58,240,430,0
27,27,2,3.8,7.1,8.2,732,877,3,9,3.2,6.2,14,63,140,540,0
27,29,0.7,4.1,7.1,8.5,655,1457,3.4,12,0.7,38,9,36,140,430,0
28,32,0.3,0.3,7,7.9,995,1519,6.4,16,3.5,14.8,13,94,280,540,0
23,30,0.3,4.1,7.3,8.4,688,1191,2.6,6.8,3.6,14.2,7,39,170,540,0
20,28,0.3,0.3,6.7,7.9,783,1246,6,18,1.2,10.8,11,70,210,540,0
23,30,0.3,2,7.1,8.5,1042,1318,4,12,4.6,12.4,21,63,280,920,0
24,25,5.7,6.9,6.4,7.5,385,750,2.1,3,4.09,7.1,10,17,110,240,0
20,30,0.3,2.9,7,8.3,1024,1528,4,20,5.2,17.7,17,36,240,540,0
27,29,0.3,3.9,7,8.3,1146,1888,2.1,14,2.1,12.8,11,63,170,540,0
20,29,1,5.1,7,8.6,846,987,3,6,3.8,356,6,33,21,540,0
28,30,0.3,2.2,7.2,8.2,1080,1732,6,12,2.2,18,21,63,280,540,0
27,30,2.2,5,7.3,8.5,377,572,2.1,6,0.3,4,2,33,28,540,0
22,30,0.3,3.8,7.1,8.2,1048,1821,3.2,18,0.3,16.8,13,79,94,540,0
25,30,0.8,3.2,7.6,8.5,1042,1476,3,6,1,14,7,54,280,540,0
20,32,0.3,4.1,7.1,8.4,999,1323,3,10,2.6,10.3,10,34,220,540,0
20,30,0.3,3.9,7,8.5,830,1313,4,14,6.2,39,8,33,170,540,0
21,30,0.3,0.3,7.1,8.4,961,1685,6,10,2.1,7,21,84,430,540,0
20,29,4.9,6.2,7.3,8.1,388,526,2.1,2.6,0.3,1.2,2,4,2,110,0
28,35,0.3,0.9,7,8.4,1773,3194,6,22,5.2,29,26,120,350,920,0
23.2,32,0.3,2.4,7.4,8,1044,1410,5.8,8,1.8,14.6,39,120,430,920,0
25,25,5.9,6.8,6.5,7.3,394,914,2.1,3.6,3.11,7.15,10,25,120,280,0
20,35,2.9,5,7.2,8.3,378,671,2.1,4,0.3,2.4,8,34,110,280,0
20,30,1.8,5.1,7.1,8.5,554,775,2.1,7,2.2,7.8,4,27,33,430,0
27,29,0.3,0.9,7.3,8.5,1269,1942,6,14,7.2,27,21,63,350,540,0
24,29,0.3,4.1,7.2,8.5,869,1366,3,10,1.8,12,11,49,130,430,0
20,33,0.3,0.3,6.9,7.6,1045,1769,6,17,5.4,19.9,10,47,350,540,0
28,35,1.8,4.4,7,8.4,715,1291,2.1,5.8,1.5,8.8,11,33,170,540,0
28,29,5,6.6,6.9,8.4,124,211,2.1,2.6,0.3,0.8,2,2,4,32,0
20,30,0.3,1,7.2,8.2,870,1520,4.2,10,2.6,13,7,110,280,540,0
21,30,3.1,5.4,7.5,8.3,1086,1744,2.4,5.4,0.4,4.5,3,22,150,350,0
27,29,0.3,0.3,7.1,7.7,1488,1731,6.2,12,4,18.2,17,63,430,920,0
20,27,0.3,3.2,6.9,8.5,940,1360,4,10,3,12,10,47,140,540,0
28,35,2.8,5.8,6.7,8,520,1358,2.1,5.4,0.3,6,6,49,170,540,0
28,28,0.8,5.1,6.7,7.8,543,882,2.1,8,1.8,11.6,11,33,210,540,0
28,29,0.3,0.3,7.5,8.2,1481,1983,7,10,8.4,16.6,47,63,430,540,0
27,28,1.3,4.2,7.2,8.2,685,1054,3,11,0.4,23,2,47,64,540,0
20,31,0.9,3.8,7.2,8.4,809,1030,3.2,10,1.2,16.2,4,84,240,540,0
18,29,0.3,3,6.7,8.4,682,1244,3.2,11,3.6,9.2,11,46,140,540,0
24,29,2,3.8,7.4,8.4,742,1106,2.8,10,1,8.6,11,73,170,540,0
24,31,0.3,2.9,7.2,8.1,1177,1398,2.2,8,1.2,6.4,4,84,280,430,0
21,27,0.3,4,7.2,8.5,366,2188,2.1,18,1.7,9.9,9,63,79,430,0
26,42,0.3,3.1,6.8,8.2,1072,1790,3,11,0.3,18.6,15,63,79,540,0
27,28,0.3,2,7.1,8,1010,1358,5,13,0.3,12.6,21,63,430,920,0
28,32,0.3,2,6.9,8.4,919,1632,5.8,12,1,13.5,17,84,240,540,0
20,35,0.3,3.8,7.3,8.2,279,1102,2.1,32,2.2,6,4,21,280,430,0
23,26,5.9,7.1,6.8,7.4,410,670,2.1,3,4.1,7.15,6,9,21,41,0
22,32,0.3,3.3,7.5,8.9,1112,1356,3.3,20,2.4,14.3,17,63,70,540,0
20,27,0.3,4,7.1,8.6,828,1248,3,10,2,14,11,33,150,540,0
26,35,0.3,2.7,7.2,8.5,1322,2186,6,12,3.8,35,17,84,140,920,0
25,29,0.3,0.3,7.2,7.9,1384,2436,6.2,22,4,28.7,21,94,430,540,0
26,28,0.3,0.3,7.2,8.1,1079,1803,6,12,3,26,8,63,210,540,0
19,30,0.3,0.3,7.2,8.1,1193,1745,7,22,3.8,28,14,63,240,540,0
19,32,0.3,2.6,7.1,7.7,737,1515,4.6,14,4.2,9.4,21,73,210,430,0
27,32,0.3,2.2,7.1,8.6,1050,1579,4,22,1.2,11.2,21,77,280,540,0
28,34,2.1,4.6,7.3,8.2,1130,1817,8,19,5.1,15,70,220,230,1600,0
20,28,0.3,3.4,6.8,8.3,623,2440,3.5,14,3.6,12.4,17,94,170,540,0
28,29,3.3,5.9,7.1,8.4,527,746,2.1,8,0.6,2.8,2,31,26,350,0
20,27,0.3,3.2,7.1,8.3,717,1404,4,15,5.2,14.3,13,33,160,540,0
27,28,4.8,6.5,7.5,8.5,136,458,2.1,2.8,0.3,0.8,2,2,10,39,0
30,35,0.3,2.4,7.2,8.5,487,868,3,6,1,13,8,33,170,540,0
27,27,5,6.4,7.6,8.3,205,339,2.1,2.3,0.3,1.2,2,4,15,120,0
25,25,5.5,6.6,6.7,7.5,548,1072,2.4,5,5.18,10.17,14,31,170,350,0
20,32,0.3,4.2,7,8.4,644,920,2.6,8,1.6,8.6,8,22,80,540,0
21,30,0.3,1.6,7.1,8.3,1150,1865,6,13,2.2,12,17,84,350,540,0
21,30,0.3,2.2,7.1,8.3,1224,2627,3,36,0.3,18.6,17,63,350,540,0
24,35,0.3,1.2,7.2,8.3,944,1537,5.8,14,2,10.6,21,34,280,540,0
22,30,0.3,0.3,7,8.1,840,1535,4,22,3.2,10.2,12,63,140,540,0
22,29,5.2,6.1,7.4,8.4,498,622,2.1,2.8,0.3,2.4,2,12,27,280,0
24,30,1.2,5.9,7.4,8.5,634,1354,2.1,7,1.6,10.2,14,63,33,540,0
28,41,0.3,1,7.1,7.8,944,1592,5,14,0.3,14.2,21,63,430,540,0
24,25,5.8,6.7,6.9,7.4,418,838,2.1,3.4,4.13,7.13,12,27,130,280,0
23,33,0.3,1,6.9,7.9,977,2360,6,16,4.5,19,27,73,350,540,0
29,38,0.3,0.3,7.1,8.4,1289,1558,6,12,0.3,14.2,21,33,430,540,0
27,35,0.3,3.7,6.9,8.4,813,1020,2.1,8,0.3,7.4,7,57,120,430,0
27,30,0.3,3.1,7.1,7.8,1312,1604,5,16,7.8,52,9,63,130,540,0
27,28,0.3,3,7,8.1,1027,2250,5.8,20,0.6,37,27,63,220,920,0
22,29,0.3,3.8,7.2,8,740,1352,4,19,0.9,8.6,2,57,220,920,0
25,29,0.3,0.3,7.3,8.2,925,1500,7.8,12,2,6.4,33,79,350,430,0
19,24,0.3,1.3,6.4,7.3,4750,15300,31,350,24.37,46.37,6,14,170,540,0
27,28,4.1,5.9,7.6,8.5,537,901,2.1,4,0.8,2.2,2,27,11,220,0
26,30,2,3.6,7.3,8.5,705,944,2.4,6,0.8,5.4,7,57,240,430,0
21,29,0.6,3.2,7,8.3,1225,1609,3.2,8,1,4.6,15,53,210,540,0
25,35,3,5.1,6.9,8.6,589,873,2.2,4,1,10.8,2,43,120,430,0
26,28,0.3,1.2,7.4,8.3,1046,1753,6,10,0.3,4.8,21,47,430,540,0
27,28,3,5.4,7.2,8.4,566,996,2.1,3.9,0.3,1.8,2,4,10,130,0
26,30,0.3,1.2,7.2,8.5,1163,1665,6,12,2.4,26,33,63,430,920,0
20,29,1,2,7.4,7.9,1144,1605,4,6,10.2,28.8,43,58,430,540,0
25,29,0.3,1.8,7.2,8,1020,1505,4.2,15,1.6,9,4,47,350,540,0
24,28,0.3,2.2,7.2,8.4,628,1679,4,11,1.1,7.6,11,63,350,540,0
27,28,0.3,3,7.5,8.5,1450,7050,4,32,1.1,14,2,31,120,350,0
24,26,5,6,6.5,7.5,998,1347,3.2,6,9.13,13.17,4,12,79,170,0
18,22,5,6.2,7.1,7.5,598,1004,2.2,4.5,5.11,12.12,4,12,36,49,0
26,33,0.3,0.3,7,8.4,1305,2234,7.4,19,2.8,23,25,84,350,920,0
28,28,0.3,4.6,7,8.4,706,1355,3.8,18,1.4,12,13,47,110,540,0
26,26,4.6,6.3,6.7,7.5,795,1687,3.2,6,10.1,15.13,4,11,49,140,0
27,29,5.1,6.2,7.9,8.5,253,502,2,2.1,0.3,2.6,2,17,14,280,0
24,34,4,5.4,6.7,7.4,3530,5140,10,15,10.15,24.18,12,27,110,240,0
19,24,5,6.2,6.8,7.5,1140,1802,5.2,8,9.13,14.2,4,10,70,140,0
26,33,0.3,1.2,7.1,8.4,992,2097,5.6,20,2.4,14.6,11,63,350,540,0
24,25,3.7,5.4,6.8,7.5,2186,5400,8,22,13.18,23.28,13,20,110,280,0
22,30,3.6,6,7.3,8.2,471,1488,2.1,4.2,1.2,3.7,2,33,17,430,0
20,25,4,5.6,7,7.3,1428,3964,5,10,12.2,21.15,2,8,39,63,0
25,34,4.1,5.4,7.2,7.5,2248,4810,5.4,6.6,12.12,16.1,6,9,63,150,0
19,23,5,6.2,6.6,7.6,1624,2895,5.4,9.5,13.1,26.1,2,8,38,84,0
25,34,5.4,6.5,7,7.5,495,893,2.7,23,5.07,11.1,2,6,31,47,0
27,28,1.5,4,6.8,8.4,788,1090,2.1,6,2.2,5.2,2,27,21,430,0
25,26,4.3,5.8,7,7.4,585,1439,4,6,3.1,14.17,4,9,43,94,0
28,35,0.3,0.3,7.1,8.3,1244,1615,12,22,1.8,18,15,47,120,540,0
24,25,5,6.3,6.8,7.5,570,1347,4,6,6.12,11.18,6,10,58,170,0
25,27,0.3,0.3,7,8.2,1724,2496,7.6,18,0.7,14.6,17,94,350,540,0
24,24,5.4,6.4,6.9,7.4,642,1457,2.1,5,6.1,12.13,6,12,47,70,0
27,29,2.6,5.7,7.4,8.6,420,1221,2.1,4,0.6,6.8,7,34,150,350,0
28,33,0.3,0.3,7,7.9,921,3030,6,14,2.5,31.8,17,33,280,1600,0
24,26,4.5,6.2,6.8,7.5,420,1709,2.2,5.7,4.1,12.11,2,7,26,70,0
27,35,0.3,4.6,6.9,8.4,427,1178,2.1,8,1.4,6,4,58,220,430,0
24,29,0.3,2.6,7.4,8.4,1921,4320,5.2,26,2.4,12,4,21,280,540,0
27,29,1.7,3.7,7.1,8.6,606,1306,2.1,10,0.4,5.6,2,27,120,430,0
24,34,4.6,5.8,7.1,7.4,480,1325,2.5,4,4.1,10.2,2,9,27,47,0
24,25,5.1,6.4,6.6,7.5,1023,1898,3.5,6,7.1,15.1,2,8,47,84,0
18,23,5.2,6.6,6.8,7.5,689,1180,3,6.2,6.16,14.1,6,11,34,48,0
23,29,1.8,6.6,6.7,8.5,344,820,2.1,8,0.8,8.1,7,27,150,430,0
28,29,4.1,6.3,7.6,8.5,350,644,2.1,3,0.5,2.6,2,26,26,350,0
24,25,5.2,6.6,6.7,7.5,5,1437,2.2,5,9.1,15.15,8,12,43,84,0
18,28.5,5.1,5.9,7,7.4,155,200,1,1.6,0.72,3,17,58,94,220,0
19,30,5.2,5.9,6.6,7.3,121,198,1,2.2,0.55,3.08,21,63,140,280,0
19,29,5.2,6.4,7.1,7.5,124,211,1,1.5,0.58,2.94,13,58,79,210,0
19,30,5.2,6.2,6.9,7.5,137,198,1,1.8,0.48,2.55,22,41,120,210,0
18,29,5.2,6.3,7.1,7.5,152,203,1,1.9,0.74,2.73,21,58,94,220,0
18,29,5.3,6.9,6.9,7.3,148,206,1.4,2.3,0.72,3.5,27,84,150,280,0
18,29,5.6,6.5,7,7.7,129,181,1,2.1,0.73,2.73,25,63,150,280,0
19,28.5,5.1,5.8,6.6,7.5,132,187,1.1,1.7,1.07,3.06,31,49,170,240,0
19,28.5,5.4,6.5,6.9,7.5,157,228,1,1.8,1,2.48,17,48,84,170,0
18.5,29,5.6,6.7,6.7,7.3,139,194,1,1.8,0.67,2.39,17,46,84,170,0
18.5,30,5,6.1,6.2,7.3,142,198,1,1.9,0.7,2.49,15,48,63,210,0
19,29.5,5.2,6.2,6.9,7.3,143,201,1,2.2,0.71,3.08,17,58,84,210,0
19.5,29.5,5.1,6.8,7,7.7,141,220,1.5,2.6,1.54,4,33,93,140,280,0
18,29,5.1,6,6.9,7.5,143,191,1.1,1.6,0.61,2.48,27,47,110,210,0
19,30,5.1,5.9,6.8,7.4,135,198,1,1.9,0.58,2.4,17,47,110,220,0
19,29,5.4,6.8,6.9,7.4,134,192,1,1.5,0.72,2.39,17,63,94,240,0
19.5,30,1.2,6.2,6.4,8,147,216,3.1,11,0.89,6.6,47,94,210,430,0
19,29,5,5.9,6.6,7.2,128,192,1.1,1.9,0.68,2.9,17,58,84,210,0
17,24,7.8,8.8,8.1,9,468,539,5.2,6.8,-,-,30000,40000,55000,64000,0
19,26,5.8,7,7.6,8.2,251,371,4,5,0.8,0.92,3600,4300,6300,7900,0
18,22,4.5,5.8,7.2,8.4,624,629,6,15,-,-,-,-,-,-,0
18,23.2,1.2,4.7,7.5,8.9,1190,1336,16,32,-,-,4300,4300,6300,6300,0
11,23,7.4,9,7.2,8,160,210,1,1.6,0.32,0.37,70,170,210,540,0
9,22,7.6,9.6,7.2,7.8,370,440,1,2,0.32,0.36,140,350,350,920,0
19,30,7.7,8.6,7,8.1,141,195,1.2,1.7,0.3,0.3,1100,2200,1400,3900,0
22.5,34,4,13.1,7.8,8.7,568,763,3.2,8.5,0.35,0.72,3300,35000,4900,54000,0
22.5,34,4.5,10.9,7.5,8.6,567,868,3.2,6.9,0.3,0.8,1400,92000,3300,160000,0
6,24,5.5,7.8,6.9,7.9,20,97,1,1.8,0.3,0.3,60,5000,110,13000,0
21,30,6.8,8.2,6.7,7.6,32,68,1,2.2,0.3,0.3,400,5000,1300,13000,0
19,33,6.8,8.9,6.7,8.4,32,128,1.4,2.1,0.3,0.3,170,2600,700,9000,0
22.5,34,3.8,12,7.6,8.7,569,775,3.6,7.2,0.3,0.9,13000,240000,23000,540000,0
4,24,5.8,6.9,6.5,8,67,196,1.8,2.8,0.3,0.32,2100,5000,5000,14000,0
22,31,5.2,9.7,7.2,8.5,252,826,1.8,4.1,0.3,1.9,330,790,1100,1700,0
22,32,8.8,9.8,7,7.6,311,422,2.7,7.3,0.3,0.8,3100,9400,4300,12000,0
7,16,7.1,8.1,6.9,7.6,13,29,1,1.1,0.3,0.3,70,110,110,210,0
9,24,7.2,8.2,6.9,7.6,20,36,1,1.8,0.3,0.3,60,130,110,330,0
8,18,7.1,8.5,6.9,7.9,16,73,1,1.6,0.3,0.3,70,110,110,330,0
